"Data Source","World Development Indicators",

"Last Updated Date","2019-07-10",

"Country Name","Country Code","Indicator Name","Indicator Code","1960","1961","1962","1963","1964","1965","1966","1967","1968","1969","1970","1971","1972","1973","1974","1975","1976","1977","1978","1979","1980","1981","1982","1983","1984","1985","1986","1987","1988","1989","1990","1991","1992","1993","1994","1995","1996","1997","1998","1999","2000","2001","2002","2003","2004","2005","2006","2007","2008","2009","2010","2011","2012","2013","2014","2015","2016","2017","2018",
"Aruba","ABW","Incidence of tuberculosis (per 100,000 people)","SH.TBS.INCD","","","","","","","","","","","","","","","","","","","","","","","","","","","","","","","","","","","","","","","","","7.5","7.8","8.2","8.5","8.8","9.2","9.5","9.9","10","11","6.8","9","31","12","2.2","13","15","8.7","",
"Afghanistan","AFG","Incidence of tuberculosis (per 100,000 people)","SH.TBS.INCD","","","","","","","","","","","","","","","","","","","","","","","","","","","","","","","","","","","","","","","","","190","189","189","189","189","189","189","189","189","189","189","189","189","189","189","189","189","189","",
"Angola","AGO","Incidence of tuberculosis (per 100,000 people)","SH.TBS.INCD","","","","","","","","","","","","","","","","","","","","","","","","","","","","","","","","","","","","","","","","","297","308","320","334","350","368","377","379","382","385","384","383","380","376","370","366","362","359","",
"Albania","ALB","Incidence of tuberculosis (per 100,000 people)","SH.TBS.INCD","","","","","","","","","","","","","","","","","","","","","","","","","","","","","","","","","","","","","","","","","22","20","22","21","20","19","18","17","16","17","17","17","16","19","16","16","16","20","",
"Andorra","AND","Incidence of tuberculosis (per 100,000 people)","SH.TBS.INCD","","","","","","","","","","","","","","","","","","","","","","","","","","","","","","","","","","","","","","","","","21","17","8.2","17","11","15","17","7","5.5","11","9.5","4.1","13","7.1","8.7","5.9","6","1.5","",
"Arab World","ARB","Incidence of tuberculosis (per 100,000 people)","SH.TBS.INCD","","","","","","","","","","","","","","","","","","","","","","","","","","","","","","","","","","","","","","","","","","","","","","","","","","","","","","","","","","","",
"United Arab Emirates","ARE","Incidence of tuberculosis (per 100,000 people)","SH.TBS.INCD","","","","","","","","","","","","","","","","","","","","","","","","","","","","","","","","","","","","","","","","","4.2","2.6","3","3.6","2.6","2.6","2","1.8","1.6","1.7","1.8","1.4","1","1","0.76","0.79","0.79","0.81","",
"Argentina","ARG","Incidence of tuberculosis (per 100,000 people)","SH.TBS.INCD","","","","","","","","","","","","","","","","","","","","","","","","","","","","","","","","","","","","","","","","","37","35","35","33","34","31","28","29","26","22","20","27","24","24","25","25","27","26","",
"Armenia","ARM","Incidence of tuberculosis (per 100,000 people)","SH.TBS.INCD","","","","","","","","","","","","","","","","","","","","","","","","","","","","","","","","","","","","","","","","","54","57","59","64","69","92","75","72","71","68","61","55","53","60","57","50","44","36","",
"American Samoa","ASM","Incidence of tuberculosis (per 100,000 people)","SH.TBS.INCD","","","","","","","","","","","","","","","","","","","","","","","","","","","","","","","","","","","","","","","","","6","5.9","3.9","5.8","9.7","12","7.8","6","6","8.2","8.3","6.2","6.7","7.3","7.8","8.3","9.3","10","",
"Antigua and Barbuda","ATG","Incidence of tuberculosis (per 100,000 people)","SH.TBS.INCD","","","","","","","","","","","","","","","","","","","","","","","","","","","","","","","","","","","","","","","","","5.5","1.4","5.3","1.3","5.1","7.7","5.1","2.5","1.2","3.7","8.5","7.2","3.6","12","3.5","4.4","3.4","1.1","",
"Australia","AUS","Incidence of tuberculosis (per 100,000 people)","SH.TBS.INCD","","","","","","","","","","","","","","","","","","","","","","","","","","","","","","","","","","","","","","","","","6.3","5.8","6","5.5","6.2","5.9","6.5","6.1","6.5","6.8","6.5","6.3","6.6","6.2","6.5","6.1","6.6","6.8","",
"Austria","AUT","Incidence of tuberculosis (per 100,000 people)","SH.TBS.INCD","","","","","","","","","","","","","","","","","","","","","","","","","","","","","","","","","","","","","","","","","17","14","15","13","13","13","12","11","10","9.1","9.1","9.1","8.4","8.4","7.5","7.5","8.2","7.4","",
"Azerbaijan","AZE","Incidence of tuberculosis (per 100,000 people)","SH.TBS.INCD","","","","","","","","","","","","","","","","","","","","","","","","","","","","","","","","","","","","","","","","","80","75","78","57","80","88","83","79","108","133","104","125","86","78","76","71","66","67","",
"Burundi","BDI","Incidence of tuberculosis (per 100,000 people)","SH.TBS.INCD","","","","","","","","","","","","","","","","","","","","","","","","","","","","","","","","","","","","","","","","","290","270","250","230","211","195","181","169","160","152","144","138","133","128","126","122","118","114","",
"Belgium","BEL","Incidence of tuberculosis (per 100,000 people)","SH.TBS.INCD","","","","","","","","","","","","","","","","","","","","","","","","","","","","","","","","","","","","","","","","","14","15","13","12","12","12","11","10","10","9.7","11","10","9.4","9.3","9.1","9.5","10","9.2","",
"Benin","BEN","Incidence of tuberculosis (per 100,000 people)","SH.TBS.INCD","","","","","","","","","","","","","","","","","","","","","","","","","","","","","","","","","","","","","","","","","86","83","80","78","75","73","71","69","69","69","68","67","66","64","61","60","59","58","",
"Burkina Faso","BFA","Incidence of tuberculosis (per 100,000 people)","SH.TBS.INCD","","","","","","","","","","","","","","","","","","","","","","","","","","","","","","","","","","","","","","","","","70","69","67","66","65","64","63","62","61","60","58","57","55","54","54","52","51","49","",
"Bangladesh","BGD","Incidence of tuberculosis (per 100,000 people)","SH.TBS.INCD","","","","","","","","","","","","","","","","","","","","","","","","","","","","","","","","","","","","","","","","","221","221","221","221","221","221","221","221","221","221","221","221","221","221","221","221","221","221","",
"Bulgaria","BGR","Incidence of tuberculosis (per 100,000 people)","SH.TBS.INCD","","","","","","","","","","","","","","","","","","","","","","","","","","","","","","","","","","","","","","","","","52","61","53","52","49","52","51","47","49","45","41","37","36","33","32","28","27","25","",
"Bahrain","BHR","Incidence of tuberculosis (per 100,000 people)","SH.TBS.INCD","","","","","","","","","","","","","","","","","","","","","","","","","","","","","","","","","","","","","","","","","36","31","30","39","34","36","33","33","31","32","23","20","20","18","16","15","12","12","",
"Bahamas, The","BHS","Incidence of tuberculosis (per 100,000 people)","SH.TBS.INCD","","","","","","","","","","","","","","","","","","","","","","","","","","","","","","","","","","","","","","","","","32","24","16","14","19","17","21","15","16","15","9.9","13","9.9","10","15","18","26","15","",
"Bosnia and Herzegovina","BIH","Incidence of tuberculosis (per 100,000 people)","SH.TBS.INCD","","","","","","","","","","","","","","","","","","","","","","","","","","","","","","","","","","","","","","","","","82","82","56","59","78","70","59","79","57","58","44","46","48","44","42","39","32","27","",
"Belarus","BLR","Incidence of tuberculosis (per 100,000 people)","SH.TBS.INCD","","","","","","","","","","","","","","","","","","","","","","","","","","","","","","","","","","","","","","","","","86","70","66","77","70","69","67","70","67","69","67","62","63","59","51","50","42","37","",
"Belize","BLZ","Incidence of tuberculosis (per 100,000 people)","SH.TBS.INCD","","","","","","","","","","","","","","","","","","","","","","","","","","","","","","","","","","","","","","","","","49","61","59","42","35","41","34","24","33","32","52","26","29","40","24","25","38","36","",
"Bermuda","BMU","Incidence of tuberculosis (per 100,000 people)","SH.TBS.INCD","","","","","","","","","","","","","","","","","","","","","","","","","","","","","","","","","","","","","","","","","0","0","0","5","11","7.4","5.3","4.6","3.8","2.9","1.8","1.8","5.5","0","0","0","3.7","3.7","",
"Bolivia","BOL","Incidence of tuberculosis (per 100,000 people)","SH.TBS.INCD","","","","","","","","","","","","","","","","","","","","","","","","","","","","","","","","","","","","","","","","","184","179","173","168","163","158","153","148","144","139","135","131","127","123","120","117","114","111","",
"Brazil","BRA","Incidence of tuberculosis (per 100,000 people)","SH.TBS.INCD","","","","","","","","","","","","","","","","","","","","","","","","","","","","","","","","","","","","","","","","","51","48","52","53","54","50","46","45","46","45","44","44","44","44","43","42","42","44","",
"Barbados","BRB","Incidence of tuberculosis (per 100,000 people)","SH.TBS.INCD","","","","","","","","","","","","","","","","","","","","","","","","","","","","","","","","","","","","","","","","","1.3","2.5","2.1","3.6","8","3.9","2.1","6.7","1.2","0.83","2.5","0","1.6","1.6","2","0","1.2","0","",
"Brunei Darussalam","BRN","Incidence of tuberculosis (per 100,000 people)","SH.TBS.INCD","","","","","","","","","","","","","","","","","","","","","","","","","","","","","","","","","","","","","","","","","106","73","76","68","59","51","63","64","68","64","70","67","70","60","55","58","66","64","",
"Bhutan","BTN","Incidence of tuberculosis (per 100,000 people)","SH.TBS.INCD","","","","","","","","","","","","","","","","","","","","","","","","","","","","","","","","","","","","","","","","","249","220","224","206","193","192","171","182","171","197","225","208","188","176","172","153","178","134","",
"Botswana","BWA","Incidence of tuberculosis (per 100,000 people)","SH.TBS.INCD","","","","","","","","","","","","","","","","","","","","","","","","","","","","","","","","","","","","","","","","","914","888","855","816","773","728","684","641","598","557","518","480","445","414","385","356","326","300","",
"Central African Republic","CAF","Incidence of tuberculosis (per 100,000 people)","SH.TBS.INCD","","","","","","","","","","","","","","","","","","","","","","","","","","","","","","","","","","","","","","","","","1070","1000","923","842","762","687","620","561","511","467","431","402","378","359","375","391","407","423","",
"Canada","CAN","Incidence of tuberculosis (per 100,000 people)","SH.TBS.INCD","","","","","","","","","","","","","","","","","","","","","","","","","","","","","","","","","","","","","","","","","6.4","6.6","6.1","5.9","5.6","5.5","5.4","5.3","5.4","5.3","4.6","4.8","5.4","5.3","5.1","5.2","5.5","5.5","",
"Central Europe and the Baltics","CEB","Incidence of tuberculosis (per 100,000 people)","SH.TBS.INCD","","","","","","","","","","","","","","","","","","","","","","","","","","","","","","","","","","","","","","","","","","","","","","","","","","","","","","","","","","","",
"Switzerland","CHE","Incidence of tuberculosis (per 100,000 people)","SH.TBS.INCD","","","","","","","","","","","","","","","","","","","","","","","","","","","","","","","","","","","","","","","","","9.3","8.8","9.4","9","8.6","8","7.3","6.4","7","7.5","7.5","7.6","6","6.6","5.9","7.3","7.8","7.2","",
"Channel Islands","CHI","Incidence of tuberculosis (per 100,000 people)","SH.TBS.INCD","","","","","","","","","","","","","","","","","","","","","","","","","","","","","","","","","","","","","","","","","","","","","","","","","","","","","","","","","","","",
"Chile","CHL","Incidence of tuberculosis (per 100,000 people)","SH.TBS.INCD","","","","","","","","","","","","","","","","","","","","","","","","","","","","","","","","","","","","","","","","","23","22","18","16","19","18","18","17","17","16","16","16","16","16","16","17","16","17","",
"China","CHN","Incidence of tuberculosis (per 100,000 people)","SH.TBS.INCD","","","","","","","","","","","","","","","","","","","","","","","","","","","","","","","","","","","","","","","","","109","105","102","98","95","92","89","86","83","82","77","76","74","70","68","66","64","63","",
"Cote d'Ivoire","CIV","Incidence of tuberculosis (per 100,000 people)","SH.TBS.INCD","","","","","","","","","","","","","","","","","","","","","","","","","","","","","","","","","","","","","","","","","367","350","330","309","288","267","249","233","219","207","196","186","178","170","165","159","153","148","",
"Cameroon","CMR","Incidence of tuberculosis (per 100,000 people)","SH.TBS.INCD","","","","","","","","","","","","","","","","","","","","","","","","","","","","","","","","","","","","","","","","","309","317","321","321","318","311","303","292","282","271","260","251","242","235","220","212","203","194","",
"Congo, Dem. Rep.","COD","Incidence of tuberculosis (per 100,000 people)","SH.TBS.INCD","","","","","","","","","","","","","","","","","","","","","","","","","","","","","","","","","","","","","","","","","327","327","327","327","327","327","327","327","327","327","327","327","327","326","325","324","323","322","",
"Congo, Rep.","COG","Incidence of tuberculosis (per 100,000 people)","SH.TBS.INCD","","","","","","","","","","","","","","","","","","","","","","","","","","","","","","","","","","","","","","","","","356","379","398","413","423","426","422","413","403","393","386","383","382","382","381","379","378","376","",
"Colombia","COL","Incidence of tuberculosis (per 100,000 people)","SH.TBS.INCD","","","","","","","","","","","","","","","","","","","","","","","","","","","","","","","","","","","","","","","","","36","35","34","35","33","30","32","31","32","31","31","32","32","31","30","31","32","33","",
"Comoros","COM","Incidence of tuberculosis (per 100,000 people)","SH.TBS.INCD","","","","","","","","","","","","","","","","","","","","","","","","","","","","","","","","","","","","","","","","","39","38","37","37","36","36","36","35","34","33","33","34","34","34","35","35","35","35","",
"Cabo Verde","CPV","Incidence of tuberculosis (per 100,000 people)","SH.TBS.INCD","","","","","","","","","","","","","","","","","","","","","","","","","","","","","","","","","","","","","","","","","160","159","157","156","155","153","152","151","149","148","147","145","144","143","138","139","137","134","",
"Costa Rica","CRI","Incidence of tuberculosis (per 100,000 people)","SH.TBS.INCD","","","","","","","","","","","","","","","","","","","","","","","","","","","","","","","","","","","","","","","","","19","20","17","17","21","16","14","16","14","12","14","14","13","11","12","11","9.5","9.7","",
"Caribbean small states","CSS","Incidence of tuberculosis (per 100,000 people)","SH.TBS.INCD","","","","","","","","","","","","","","","","","","","","","","","","","","","","","","","","","","","","","","","","","","","","","","","","","","","","","","","","","","","",
"Cuba","CUB","Incidence of tuberculosis (per 100,000 people)","SH.TBS.INCD","","","","","","","","","","","","","","","","","","","","","","","","","","","","","","","","","","","","","","","","","12","9.5","9.2","8.6","8","7.9","7.8","7.8","8.3","7.2","8.4","8.2","7.4","7.6","7.3","7","6.8","7.1","",
"Curacao","CUW","Incidence of tuberculosis (per 100,000 people)","SH.TBS.INCD","","","","","","","","","","","","","","","","","","","","","","","","","","","","","","","","","","","","","","","","","","","","","","","","","","","3.9","0.76","0.75","1.5","3.7","5.8","2.9","6.4","",
"Cayman Islands","CYM","Incidence of tuberculosis (per 100,000 people)","SH.TBS.INCD","","","","","","","","","","","","","","","","","","","","","","","","","","","","","","","","","","","","","","","","","14","2.7","0","0","2.4","1","0","2.2","2.2","4.2","8.3","4.1","12","9.9","0","13","5.7","7.5","",
"Cyprus","CYP","Incidence of tuberculosis (per 100,000 people)","SH.TBS.INCD","","","","","","","","","","","","","","","","","","","","","","","","","","","","","","","","","","","","","","","","","4","4.8","2.4","4.1","3.4","3.8","4","4.4","5.1","5.3","6.3","5.2","6.4","4.1","3.9","6.2","5.6","5.1","",
"Czech Republic","CZE","Incidence of tuberculosis (per 100,000 people)","SH.TBS.INCD","","","","","","","","","","","","","","","","","","","","","","","","","","","","","","","","","","","","","","","","","16","14","13","13","12","11","11","8.8","8.9","6.9","6.8","6.2","6.1","5.1","5.1","5.5","5.5","5.4","",
"Germany","DEU","Incidence of tuberculosis (per 100,000 people)","SH.TBS.INCD","","","","","","","","","","","","","","","","","","","","","","","","","","","","","","","","","","","","","","","","","13","9.8","9.8","9.9","8.7","8","7.3","6.6","5.9","5.9","5.8","5.8","5.7","5.9","6.1","8","8.1","7.5","",
"Djibouti","DJI","Incidence of tuberculosis (per 100,000 people)","SH.TBS.INCD","","","","","","","","","","","","","","","","","","","","","","","","","","","","","","","","","","","","","","","","","692","716","535","532","477","496","473","493","559","565","613","532","493","441","304","362","335","269","",
"Dominica","DMA","Incidence of tuberculosis (per 100,000 people)","SH.TBS.INCD","","","","","","","","","","","","","","","","","","","","","","","","","","","","","","","","","","","","","","","","","6","7.3","3.3","9.8","11","12","31","4.9","21","6.5","13","3.2","11","4.8","1.6","11","7.8","1.6","",
"Denmark","DNK","Incidence of tuberculosis (per 100,000 people)","SH.TBS.INCD","","","","","","","","","","","","","","","","","","","","","","","","","","","","","","","","","","","","","","","","","13","11","8.6","8.3","7.6","8.4","7.2","7.5","6.9","6.1","6.9","7.4","7","6.7","5.9","6.5","5.9","5.1","",
"Dominican Republic","DOM","Incidence of tuberculosis (per 100,000 people)","SH.TBS.INCD","","","","","","","","","","","","","","","","","","","","","","","","","","","","","","","","","","","","","","","","","77","68","57","67","62","68","61","55","56","54","50","54","52","54","53","53","50","45","",
"Algeria","DZA","Incidence of tuberculosis (per 100,000 people)","SH.TBS.INCD","","","","","","","","","","","","","","","","","","","","","","","","","","","","","","","","","","","","","","","","","74","72","74","76","76","80","78","78","74","76","77","73","73","67","72","74","70","70","",
"East Asia & Pacific (excluding high income)","EAP","Incidence of tuberculosis (per 100,000 people)","SH.TBS.INCD","","","","","","","","","","","","","","","","","","","","","","","","","","","","","","","","","","","","","","","","","185","182","179","177","173","170","167","164","161","160","156","155","154","151","149","147","145","144","",
"Early-demographic dividend","EAR","Incidence of tuberculosis (per 100,000 people)","SH.TBS.INCD","","","","","","","","","","","","","","","","","","","","","","","","","","","","","","","","","","","","","","","","","","","","","","","","","","","","","","","","","","","",
"East Asia & Pacific","EAS","Incidence of tuberculosis (per 100,000 people)","SH.TBS.INCD","","","","","","","","","","","","","","","","","","","","","","","","","","","","","","","","","","","","","","","","","170","168","165","163","160","157","154","151","149","148","144","143","142","139","137","136","134","133","",
"Europe & Central Asia (excluding high income)","ECA","Incidence of tuberculosis (per 100,000 people)","SH.TBS.INCD","","","","","","","","","","","","","","","","","","","","","","","","","","","","","","","","","","","","","","","","","96","96","97","96","96","93","91","89","88","85","81","76","72","68","65","61","58","55","",
"Europe & Central Asia","ECS","Incidence of tuberculosis (per 100,000 people)","SH.TBS.INCD","","","","","","","","","","","","","","","","","","","","","","","","","","","","","","","","","","","","","","","","","53","52","52","52","50","50","48","47","46","45","43","41","38","37","35","33","32","30","",
"Ecuador","ECU","Incidence of tuberculosis (per 100,000 people)","SH.TBS.INCD","","","","","","","","","","","","","","","","","","","","","","","","","","","","","","","","","","","","","","","","","68","58","56","64","58","40","41","43","42","40","40","42","44","42","41","39","40","43","",
"Egypt, Arab Rep.","EGY","Incidence of tuberculosis (per 100,000 people)","SH.TBS.INCD","","","","","","","","","","","","","","","","","","","","","","","","","","","","","","","","","","","","","","","","","26","25","24","23","22","21","21","20","19","19","18","17","17","16","15","15","14","13","",
"Euro area","EMU","Incidence of tuberculosis (per 100,000 people)","SH.TBS.INCD","","","","","","","","","","","","","","","","","","","","","","","","","","","","","","","","","","","","","","","","","","","","","","","","","","","","","","","","","","","",
"Eritrea","ERI","Incidence of tuberculosis (per 100,000 people)","SH.TBS.INCD","","","","","","","","","","","","","","","","","","","","","","","","","","","","","","","","","","","","","","","","","177","175","173","208","181","149","123","145","116","111","108","112","114","101","83","70","74","67","",
"Spain","ESP","Incidence of tuberculosis (per 100,000 people)","SH.TBS.INCD","","","","","","","","","","","","","","","","","","","","","","","","","","","","","","","","","","","","","","","","","22","19","20","27","16","19","20","19","19","18","17","16","14","13","12","10","12","11","",
"Estonia","EST","Incidence of tuberculosis (per 100,000 people)","SH.TBS.INCD","","","","","","","","","","","","","","","","","","","","","","","","","","","","","","","","","","","","","","","","","65","59","52","49","45","41","36","39","34","31","25","25","22","23","21","18","16","15","",
"Ethiopia","ETH","Incidence of tuberculosis (per 100,000 people)","SH.TBS.INCD","","","","","","","","","","","","","","","","","","","","","","","","","","","","","","","","","","","","","","","","","421","409","393","376","358","341","325","310","296","282","268","253","239","224","207","192","177","164","",
"European Union","EUU","Incidence of tuberculosis (per 100,000 people)","SH.TBS.INCD","","","","","","","","","","","","","","","","","","","","","","","","","","","","","","","","","","","","","","","","","","","","","","","","","","","","","","","","","","","",
"Fragile and conflict affected situations","FCS","Incidence of tuberculosis (per 100,000 people)","SH.TBS.INCD","","","","","","","","","","","","","","","","","","","","","","","","","","","","","","","","","","","","","","","","","","","","","","","","","","","","","","","","","","","",
"Finland","FIN","Incidence of tuberculosis (per 100,000 people)","SH.TBS.INCD","","","","","","","","","","","","","","","","","","","","","","","","","","","","","","","","","","","","","","","","","12","10","9.9","8.7","7","7.4","6.1","6.5","7.2","8.7","6.6","6.7","5.5","5.6","5.3","5.6","4.7","4.9","",
"Fiji","FJI","Incidence of tuberculosis (per 100,000 people)","SH.TBS.INCD","","","","","","","","","","","","","","","","","","","","","","","","","","","","","","","","","","","","","","","","","22","28","23","28","20","20","17","14","16","21","27","31","30","36","53","51","43","49","",
"France","FRA","Incidence of tuberculosis (per 100,000 people)","SH.TBS.INCD","","","","","","","","","","","","","","","","","","","","","","","","","","","","","","","","","","","","","","","","","12","12","11","12","10","9.9","9.8","11","11","9.5","9.2","9","8.9","8.9","8.5","8.4","8.7","9","",
"Faroe Islands","FRO","Incidence of tuberculosis (per 100,000 people)","SH.TBS.INCD","","","","","","","","","","","","","","","","","","","","","","","","","","","","","","","","","","","","","","","","","","","","","","","","","","","","","","","","","","","",
"Micronesia, Fed. Sts.","FSM","Incidence of tuberculosis (per 100,000 people)","SH.TBS.INCD","","","","","","","","","","","","","","","","","","","","","","","","","","","","","","","","","","","","","","","","","106","121","148","124","138","115","123","167","196","178","198","179","174","180","226","124","177","165","",
"Gabon","GAB","Incidence of tuberculosis (per 100,000 people)","SH.TBS.INCD","","","","","","","","","","","","","","","","","","","","","","","","","","","","","","","","","","","","","","","","","515","548","574","590","596","592","576","572","567","563","559","554","550","546","541","537","533","529","",
"United Kingdom","GBR","Incidence of tuberculosis (per 100,000 people)","SH.TBS.INCD","","","","","","","","","","","","","","","","","","","","","","","","","","","","","","","","","","","","","","","","","12","11","13","13","13","15","15","15","15","15","14","15","14","13","11","10","9.9","8.9","",
"Georgia","GEO","Incidence of tuberculosis (per 100,000 people)","SH.TBS.INCD","","","","","","","","","","","","","","","","","","","","","","","","","","","","","","","","","","","","","","","","","254","243","228","210","192","175","161","149","140","133","127","122","119","116","106","99","92","86","",
"Ghana","GHA","Incidence of tuberculosis (per 100,000 people)","SH.TBS.INCD","","","","","","","","","","","","","","","","","","","","","","","","","","","","","","","","","","","","","","","","","216","214","212","209","206","203","199","196","191","187","183","178","173","168","165","160","156","152","",
"Gibraltar","GIB","Incidence of tuberculosis (per 100,000 people)","SH.TBS.INCD","","","","","","","","","","","","","","","","","","","","","","","","","","","","","","","","","","","","","","","","","","","","","","","","","","","","","","","","","","","",
"Guinea","GIN","Incidence of tuberculosis (per 100,000 people)","SH.TBS.INCD","","","","","","","","","","","","","","","","","","","","","","","","","","","","","","","","","","","","","","","","","228","224","221","218","214","210","206","200","195","190","186","183","180","177","177","177","176","176","",
"Gambia, The","GMB","Incidence of tuberculosis (per 100,000 people)","SH.TBS.INCD","","","","","","","","","","","","","","","","","","","","","","","","","","","","","","","","","","","","","","","","","185","189","192","193","192","191","189","186","183","180","178","176","175","173","174","174","174","174","",
"Guinea-Bissau","GNB","Incidence of tuberculosis (per 100,000 people)","SH.TBS.INCD","","","","","","","","","","","","","","","","","","","","","","","","","","","","","","","","","","","","","","","","","305","317","330","342","353","361","366","367","368","369","372","376","382","387","369","373","374","374","",
"Equatorial Guinea","GNQ","Incidence of tuberculosis (per 100,000 people)","SH.TBS.INCD","","","","","","","","","","","","","","","","","","","","","","","","","","","","","","","","","","","","","","","","","96","98","101","102","104","106","109","113","117","123","129","136","144","153","162","172","181","191","",
"Greece","GRC","Incidence of tuberculosis (per 100,000 people)","SH.TBS.INCD","","","","","","","","","","","","","","","","","","","","","","","","","","","","","","","","","","","","","","","","","7.3","5.2","5.8","6.1","7.5","7.1","6.3","6.2","5.9","5.4","4.5","4.6","5.2","5","4.9","4.5","4.2","4.5","",
"Grenada","GRD","Incidence of tuberculosis (per 100,000 people)","SH.TBS.INCD","","","","","","","","","","","","","","","","","","","","","","","","","","","","","","","","","","","","","","","","","0","0.56","1.1","2.2","2.2","1.7","1.1","3.3","5.5","5.5","4.4","2.2","1.1","0.55","0","5.4","6.4","3.2","",
"Greenland","GRL","Incidence of tuberculosis (per 100,000 people)","SH.TBS.INCD","","","","","","","","","","","","","","","","","","","","","","","","","","","","","","","","","","","","","","","","","129","132","135","138","141","144","147","150","152","128","231","234","171","196","177","165","118","116","",
"Guatemala","GTM","Incidence of tuberculosis (per 100,000 people)","SH.TBS.INCD","","","","","","","","","","","","","","","","","","","","","","","","","","","","","","","","","","","","","","","","","31","25","30","26","32","36","34","29","29","25","28","25","28","27","25","26","24","25","",
"Guam","GUM","Incidence of tuberculosis (per 100,000 people)","SH.TBS.INCD","","","","","","","","","","","","","","","","","","","","","","","","","","","","","","","","","","","","","","","","","40","46","37","16","36","46","32","38","64","74","73","59","49","34","40","54","53","60","",
"Guyana","GUY","Incidence of tuberculosis (per 100,000 people)","SH.TBS.INCD","","","","","","","","","","","","","","","","","","","","","","","","","","","","","","","","","","","","","","","","","70","70","98","105","100","106","118","99","109","128","119","118","124","112","89","93","93","86","",
"High income","HIC","Incidence of tuberculosis (per 100,000 people)","SH.TBS.INCD","","","","","","","","","","","","","","","","","","","","","","","","","","","","","","","","","","","","","","","","","19","19","18","19","17","17","17","16","16","16","15","15","14","14","13","13","13","12","",
"Hong Kong SAR, China","HKG","Incidence of tuberculosis (per 100,000 people)","SH.TBS.INCD","","","","","","","","","","","","","","","","","","","","","","","","","","","","","","","","","","","","","","","","","104","116","107","100","96","95","93","89","92","85","81","77","78","76","76","71","69","67","",
"Honduras","HND","Incidence of tuberculosis (per 100,000 people)","SH.TBS.INCD","","","","","","","","","","","","","","","","","","","","","","","","","","","","","","","","","","","","","","","","","123","94","82","72","62","57","53","45","45","45","44","48","44","43","40","41","40","38","",
"Heavily indebted poor countries (HIPC)","HPC","Incidence of tuberculosis (per 100,000 people)","SH.TBS.INCD","","","","","","","","","","","","","","","","","","","","","","","","","","","","","","","","","","","","","","","","","","","","","","","","","","","","","","","","","","","",
"Croatia","HRV","Incidence of tuberculosis (per 100,000 people)","SH.TBS.INCD","","","","","","","","","","","","","","","","","","","","","","","","","","","","","","","","","","","","","","","","","42","36","38","36","31","28","27","25","26","22","18","17","14","14","13","13","12","10","",
"Haiti","HTI","Incidence of tuberculosis (per 100,000 people)","SH.TBS.INCD","","","","","","","","","","","","","","","","","","","","","","","","","","","","","","","","","","","","","","","","","270","274","277","277","276","272","266","257","248","238","229","220","213","206","200","194","188","181","",
"Hungary","HUN","Incidence of tuberculosis (per 100,000 people)","SH.TBS.INCD","","","","","","","","","","","","","","","","","","","","","","","","","","","","","","","","","","","","","","","","","35","33","31","31","26","21","19","18","16","15","18","15","14","12","9.4","10","8.7","7.7","",
"IBRD only","IBD","Incidence of tuberculosis (per 100,000 people)","SH.TBS.INCD","","","","","","","","","","","","","","","","","","","","","","","","","","","","","","","","","","","","","","","","","","","","","","","","","","","","","","","","","","","",
"IDA & IBRD total","IBT","Incidence of tuberculosis (per 100,000 people)","SH.TBS.INCD","","","","","","","","","","","","","","","","","","","","","","","","","","","","","","","","","","","","","","","","","","","","","","","","","","","","","","","","","","","",
"IDA total","IDA","Incidence of tuberculosis (per 100,000 people)","SH.TBS.INCD","","","","","","","","","","","","","","","","","","","","","","","","","","","","","","","","","","","","","","","","","","","","","","","","","","","","","","","","","","","",
"IDA blend","IDB","Incidence of tuberculosis (per 100,000 people)","SH.TBS.INCD","","","","","","","","","","","","","","","","","","","","","","","","","","","","","","","","","","","","","","","","","","","","","","","","","","","","","","","","","","","",
"Indonesia","IDN","Incidence of tuberculosis (per 100,000 people)","SH.TBS.INCD","","","","","","","","","","","","","","","","","","","","","","","","","","","","","","","","","","","","","","","","","370","369","367","366","363","360","357","353","349","345","342","338","335","332","329","325","322","319","",
"IDA only","IDX","Incidence of tuberculosis (per 100,000 people)","SH.TBS.INCD","","","","","","","","","","","","","","","","","","","","","","","","","","","","","","","","","","","","","","","","","","","","","","","","","","","","","","","","","","","",
"Isle of Man","IMN","Incidence of tuberculosis (per 100,000 people)","SH.TBS.INCD","","","","","","","","","","","","","","","","","","","","","","","","","","","","","","","","","","","","","","","","","","","","","","","","","","","","","","","","","","","",
"India","IND","Incidence of tuberculosis (per 100,000 people)","SH.TBS.INCD","","","","","","","","","","","","","","","","","","","","","","","","","","","","","","","","","","","","","","","","","289","288","287","285","282","279","274","268","261","254","247","241","234","228","223","217","211","204","",
"Not classified","INX","Incidence of tuberculosis (per 100,000 people)","SH.TBS.INCD","","","","","","","","","","","","","","","","","","","","","","","","","","","","","","","","","","","","","","","","","","","","","","","","","","","","","","","","","","","",
"Ireland","IRL","Incidence of tuberculosis (per 100,000 people)","SH.TBS.INCD","","","","","","","","","","","","","","","","","","","","","","","","","","","","","","","","","","","","","","","","","12","12","11","12","11","12","12","11","11","11","9.6","9.6","8.4","8.7","7.3","7.2","7.1","7.3","",
"Iran, Islamic Rep.","IRN","Incidence of tuberculosis (per 100,000 people)","SH.TBS.INCD","","","","","","","","","","","","","","","","","","","","","","","","","","","","","","","","","","","","","","","","","22","22","21","20","18","16","16","16","16","17","17","18","18","18","16","16","14","14","",
"Iraq","IRQ","Incidence of tuberculosis (per 100,000 people)","SH.TBS.INCD","","","","","","","","","","","","","","","","","","","","","","","","","","","","","","","","","","","","","","","","","50","50","49","49","48","48","48","47","46","46","45","45","45","45","43","43","43","42","",
"Iceland","ISL","Incidence of tuberculosis (per 100,000 people)","SH.TBS.INCD","","","","","","","","","","","","","","","","","","","","","","","","","","","","","","","","","","","","","","","","","5.3","4.9","3.2","2","4.3","3.9","5","4.5","2.2","3.3","7.9","2.8","3.5","3.9","2.8","2.4","2.1","4.5","",
"Israel","ISR","Incidence of tuberculosis (per 100,000 people)","SH.TBS.INCD","","","","","","","","","","","","","","","","","","","","","","","","","","","","","","","","","","","","","","","","","10","9.6","8.6","8.5","8.1","6.5","5.8","6.6","5.2","5.5","5.3","6.3","7.6","4.5","5.2","4","3.5","3.2","",
"Italy","ITA","Incidence of tuberculosis (per 100,000 people)","SH.TBS.INCD","","","","","","","","","","","","","","","","","","","","","","","","","","","","","","","","","","","","","","","","","7","8.6","7.8","8.6","7.8","7.5","8.1","5.3","8","7.9","8.7","6.6","6","5.8","6.7","6.7","7.3","7.4","",
"Jamaica","JAM","Incidence of tuberculosis (per 100,000 people)","SH.TBS.INCD","","","","","","","","","","","","","","","","","","","","","","","","","","","","","","","","","","","","","","","","","6","5.6","4.9","5.5","5.3","4.1","4.3","4.7","4.7","6.2","5.8","4.6","4","4.2","3.8","4.5","4.5","5.1","",
"Jordan","JOR","Incidence of tuberculosis (per 100,000 people)","SH.TBS.INCD","","","","","","","","","","","","","","","","","","","","","","","","","","","","","","","","","","","","","","","","","7.5","8.2","7.4","7.4","7.3","8","7.9","6.8","6.9","6.8","5.9","5.4","5.2","5.2","5.5","5.8","5.5","6.8","",
"Japan","JPN","Incidence of tuberculosis (per 100,000 people)","SH.TBS.INCD","","","","","","","","","","","","","","","","","","","","","","","","","","","","","","","","","","","","","","","","","36","32","30","28","27","24","23","22","22","21","20","20","19","18","18","16","16","15","",
"Kazakhstan","KAZ","Incidence of tuberculosis (per 100,000 people)","SH.TBS.INCD","","","","","","","","","","","","","","","","","","","","","","","","","","","","","","","","","","","","","","","","","166","183","194","199","197","186","172","163","156","151","145","135","120","104","91","80","72","66","",
"Kenya","KEN","Incidence of tuberculosis (per 100,000 people)","SH.TBS.INCD","","","","","","","","","","","","","","","","","","","","","","","","","","","","","","","","","","","","","","","","","451","499","534","610","634","630","646","618","564","566","531","506","471","443","423","380","348","319","",
"Kyrgyz Republic","KGZ","Incidence of tuberculosis (per 100,000 people)","SH.TBS.INCD","","","","","","","","","","","","","","","","","","","","","","","","","","","","","","","","","","","","","","","","","244","246","243","235","224","210","195","179","165","153","145","141","140","141","142","144","144","144","",
"Cambodia","KHM","Incidence of tuberculosis (per 100,000 people)","SH.TBS.INCD","","","","","","","","","","","","","","","","","","","","","","","","","","","","","","","","","","","","","","","","","575","567","556","542","527","511","496","480","465","450","436","423","411","400","390","368","345","326","",
"Kiribati","KIR","Incidence of tuberculosis (per 100,000 people)","SH.TBS.INCD","","","","","","","","","","","","","","","","","","","","","","","","","","","","","","","","","","","","","","","","","373","275","281","399","428","449","501","433","425","346","348","410","406","469","469","552","566","413","",
"St. Kitts and Nevis","KNA","Incidence of tuberculosis (per 100,000 people)","SH.TBS.INCD","","","","","","","","","","","","","","","","","","","","","","","","","","","","","","","","","","","","","","","","","0","5","7.4","2.4","4.8","0","2.3","9.2","11","9","4.5","2.2","4.4","0","15","4.5","0","2.1","",
"Korea, Rep.","KOR","Incidence of tuberculosis (per 100,000 people)","SH.TBS.INCD","","","","","","","","","","","","","","","","","","","","","","","","","","","","","","","","","","","","","","","","","49","84","78","82","77","94","92","91","88","94","95","99","94","89","85","79","77","70","",
"Kuwait","KWT","Incidence of tuberculosis (per 100,000 people)","SH.TBS.INCD","","","","","","","","","","","","","","","","","","","","","","","","","","","","","","","","","","","","","","","","","29","27","31","30","29","26","31","30","38","38","37","24","25","22","22","22","24","27","",
"Latin America & Caribbean (excluding high income)","LAC","Incidence of tuberculosis (per 100,000 people)","SH.TBS.INCD","","","","","","","","","","","","","","","","","","","","","","","","","","","","","","","","","","","","","","","","","56","54","54","53","53","51","49","47","47","46","45","45","45","44","43","43","43","44","",
"Lao PDR","LAO","Incidence of tuberculosis (per 100,000 people)","SH.TBS.INCD","","","","","","","","","","","","","","","","","","","","","","","","","","","","","","","","","","","","","","","","","330","317","305","293","282","270","260","249","240","230","221","213","204","197","189","182","175","168","",
"Lebanon","LBN","Incidence of tuberculosis (per 100,000 people)","SH.TBS.INCD","","","","","","","","","","","","","","","","","","","","","","","","","","","","","","","","","","","","","","","","","20","18","14","12","12","11","11","13","15","14","14","12","15","15","14","13","12","12","",
"Liberia","LBR","Incidence of tuberculosis (per 100,000 people)","SH.TBS.INCD","","","","","","","","","","","","","","","","","","","","","","","","","","","","","","","","","","","","","","","","","240","245","250","256","262","267","272","277","282","288","293","299","304","308","308","308","308","308","",
"Libya","LBY","Incidence of tuberculosis (per 100,000 people)","SH.TBS.INCD","","","","","","","","","","","","","","","","","","","","","","","","","","","","","","","","","","","","","","","","","40","40","40","40","40","40","40","40","40","40","40","40","40","40","40","40","40","40","",
"St. Lucia","LCA","Incidence of tuberculosis (per 100,000 people)","SH.TBS.INCD","","","","","","","","","","","","","","","","","","","","","","","","","","","","","","","","","","","","","","","","","6.6","11","12","11","11","9.8","10","13","14","6.7","6","4.6","7.2","5.9","3.9","9.1","1.9","7.7","",
"Latin America & Caribbean","LCN","Incidence of tuberculosis (per 100,000 people)","SH.TBS.INCD","","","","","","","","","","","","","","","","","","","","","","","","","","","","","","","","","","","","","","","","","53","51","51","50","50","48","46","45","44","43","42","43","42","42","41","41","41","42","",
"Least developed countries: UN classification","LDC","Incidence of tuberculosis (per 100,000 people)","SH.TBS.INCD","","","","","","","","","","","","","","","","","","","","","","","","","","","","","","","","","","","","","","","","","","","","","","","","","","","","","","","","","","","",
"Low income","LIC","Incidence of tuberculosis (per 100,000 people)","SH.TBS.INCD","","","","","","","","","","","","","","","","","","","","","","","","","","","","","","","","","","","","","","","","","307","303","298","294","288","282","276","270","263","257","250","242","236","227","222","216","211","206","",
"Liechtenstein","LIE","Incidence of tuberculosis (per 100,000 people)","SH.TBS.INCD","","","","","","","","","","","","","","","","","","","","","","","","","","","","","","","","","","","","","","","","","","","","","","","","","","","","","","","","","","","",
"Sri Lanka","LKA","Incidence of tuberculosis (per 100,000 people)","SH.TBS.INCD","","","","","","","","","","","","","","","","","","","","","","","","","","","","","","","","","","","","","","","","","66","66","66","66","66","66","66","66","66","66","66","66","66","66","65","65","65","64","",
"Lower middle income","LMC","Incidence of tuberculosis (per 100,000 people)","SH.TBS.INCD","","","","","","","","","","","","","","","","","","","","","","","","","","","","","","","","","","","","","","","","","280","280","280","279","277","274","271","266","261","257","252","248","244","240","236","231","227","222","",
"Low & middle income","LMY","Incidence of tuberculosis (per 100,000 people)","SH.TBS.INCD","","","","","","","","","","","","","","","","","","","","","","","","","","","","","","","","","","","","","","","","","203","203","202","202","200","198","196","192","189","186","182","179","176","172","168","164","160","157","",
"Lesotho","LSO","Incidence of tuberculosis (per 100,000 people)","SH.TBS.INCD","","","","","","","","","","","","","","","","","","","","","","","","","","","","","","","","","","","","","","","","","992","1080","1160","1220","1260","1280","1280","1260","1220","1180","1120","1050","985","916","852","788","724","665","",
"Late-demographic dividend","LTE","Incidence of tuberculosis (per 100,000 people)","SH.TBS.INCD","","","","","","","","","","","","","","","","","","","","","","","","","","","","","","","","","","","","","","","","","","","","","","","","","","","","","","","","","","","",
"Lithuania","LTU","Incidence of tuberculosis (per 100,000 people)","SH.TBS.INCD","","","","","","","","","","","","","","","","","","","","","","","","","","","","","","","","","","","","","","","","","87","86","81","88","69","73","82","79","75","69","64","65","62","60","58","55","53","50","",
"Luxembourg","LUX","Incidence of tuberculosis (per 100,000 people)","SH.TBS.INCD","","","","","","","","","","","","","","","","","","","","","","","","","","","","","","","","","","","","","","","","","12","8.1","8","14","7.9","9.3","8.2","9.4","6.6","6.3","6.6","5.5","9.7","8","5","6.1","5.8","6.3","",
"Latvia","LVA","Incidence of tuberculosis (per 100,000 people)","SH.TBS.INCD","","","","","","","","","","","","","","","","","","","","","","","","","","","","","","","","","","","","","","","","","96","98","89","84","80","72","67","64","55","51","50","47","53","49","42","40","37","32","",
"Macao SAR, China","MAC","Incidence of tuberculosis (per 100,000 people)","SH.TBS.INCD","","","","","","","","","","","","","","","","","","","","","","","","","","","","","","","","","","","","","","","","","121","122","99","94","82","95","96","87","88","75","84","80","83","86","77","71","67","70","",
"St. Martin (French part)","MAF","Incidence of tuberculosis (per 100,000 people)","SH.TBS.INCD","","","","","","","","","","","","","","","","","","","","","","","","","","","","","","","","","","","","","","","","","","","","","","","","","","","","","","","","","","","",
"Morocco","MAR","Incidence of tuberculosis (per 100,000 people)","SH.TBS.INCD","","","","","","","","","","","","","","","","","","","","","","","","","","","","","","","","","","","","","","","","","115","111","116","103","99","99","97","94","98","98","101","100","99","99","101","101","103","99","",
"Monaco","MCO","Incidence of tuberculosis (per 100,000 people)","SH.TBS.INCD","","","","","","","","","","","","","","","","","","","","","","","","","","","","","","","","","","","","","","","","","0","0","0","0.32","0.85","1.5","2.2","2.8","3.2","3.3","3.1","2.4","1.5","0.57","0","0","0","0","",
"Moldova","MDA","Incidence of tuberculosis (per 100,000 people)","SH.TBS.INCD","","","","","","","","","","","","","","","","","","","","","","","","","","","","","","","","","","","","","","","","","80","99","104","119","133","142","138","135","125","126","116","119","124","127","115","102","101","95","",
"Madagascar","MDG","Incidence of tuberculosis (per 100,000 people)","SH.TBS.INCD","","","","","","","","","","","","","","","","","","","","","","","","","","","","","","","","","","","","","","","","","293","286","280","273","268","262","257","252","248","244","241","238","236","233","235","236","237","238","",
"Maldives","MDV","Incidence of tuberculosis (per 100,000 people)","SH.TBS.INCD","","","","","","","","","","","","","","","","","","","","","","","","","","","","","","","","","","","","","","","","","59","61","53","57","48","48","38","47","43","35","33","29","36","36","39","46","49","39","",
"Middle East & North Africa","MEA","Incidence of tuberculosis (per 100,000 people)","SH.TBS.INCD","","","","","","","","","","","","","","","","","","","","","","","","","","","","","","","","","","","","","","","","","46","44","43","41","40","39","38","37","36","36","36","35","34","33","33","33","32","31","",
"Mexico","MEX","Incidence of tuberculosis (per 100,000 people)","SH.TBS.INCD","","","","","","","","","","","","","","","","","","","","","","","","","","","","","","","","","","","","","","","","","23","23","21","23","18","21","20","21","21","21","21","21","21","21","21","21","22","22","",
"Marshall Islands","MHL","Incidence of tuberculosis (per 100,000 people)","SH.TBS.INCD","","","","","","","","","","","","","","","","","","","","","","","","","","","","","","","","","","","","","","","","","81","134","122","144","281","267","334","379","299","337","460","331","344","353","336","326","422","480","",
"Middle income","MIC","Incidence of tuberculosis (per 100,000 people)","SH.TBS.INCD","","","","","","","","","","","","","","","","","","","","","","","","","","","","","","","","","","","","","","","","","193","193","193","192","191","189","187","184","181","178","174","171","168","165","161","158","154","151","",
"North Macedonia","MKD","Incidence of tuberculosis (per 100,000 people)","SH.TBS.INCD","","","","","","","","","","","","","","","","","","","","","","","","","","","","","","","","","","","","","","","","","39","40","42","42","39","36","34","32","27","27","23","20","21","19","17","17","16","13","",
"Mali","MLI","Incidence of tuberculosis (per 100,000 people)","SH.TBS.INCD","","","","","","","","","","","","","","","","","","","","","","","","","","","","","","","","","","","","","","","","","77","76","74","73","71","69","68","66","65","64","63","62","61","60","58","57","56","55","",
"Malta","MLT","Incidence of tuberculosis (per 100,000 people)","SH.TBS.INCD","","","","","","","","","","","","","","","","","","","","","","","","","","","","","","","","","","","","","","","","","4.6","4.6","6.9","2","5.1","6.2","8.4","11","13","12","8","8.2","11","14","12","8.6","13","11","",
"Myanmar","MMR","Incidence of tuberculosis (per 100,000 people)","SH.TBS.INCD","","","","","","","","","","","","","","","","","","","","","","","","","","","","","","","","","","","","","","","","","411","411","410","408","406","403","400","396","392","388","384","380","376","373","369","365","361","358","",
"Middle East & North Africa (excluding high income)","MNA","Incidence of tuberculosis (per 100,000 people)","SH.TBS.INCD","","","","","","","","","","","","","","","","","","","","","","","","","","","","","","","","","","","","","","","","","49","48","47","45","43","42","41","40","39","39","39","38","38","37","36","37","36","35","",
"Montenegro","MNE","Incidence of tuberculosis (per 100,000 people)","SH.TBS.INCD","","","","","","","","","","","","","","","","","","","","","","","","","","","","","","","","","","","","","","","","","","","","","","29","31","27","24","21","20","20","18","22","21","15","16","14","",
"Mongolia","MNG","Incidence of tuberculosis (per 100,000 people)","SH.TBS.INCD","","","","","","","","","","","","","","","","","","","","","","","","","","","","","","","","","","","","","","","","","428","428","428","428","428","428","428","428","428","428","428","428","428","428","428","428","428","428","",
"Northern Mariana Islands","MNP","Incidence of tuberculosis (per 100,000 people)","SH.TBS.INCD","","","","","","","","","","","","","","","","","","","","","","","","","","","","","","","","","","","","","","","","","125","96","89","77","93","103","95","85","56","78","68","71","69","70","55","59","59","81","",
"Mozambique","MOZ","Incidence of tuberculosis (per 100,000 people)","SH.TBS.INCD","","","","","","","","","","","","","","","","","","","","","","","","","","","","","","","","","","","","","","","","","513","515","517","518","520","523","526","531","536","540","545","548","551","551","551","551","551","551","",
"Mauritania","MRT","Incidence of tuberculosis (per 100,000 people)","SH.TBS.INCD","","","","","","","","","","","","","","","","","","","","","","","","","","","","","","","","","","","","","","","","","250","235","220","206","193","181","170","160","151","143","135","128","121","115","111","107","102","97","",
"Mauritius","MUS","Incidence of tuberculosis (per 100,000 people)","SH.TBS.INCD","","","","","","","","","","","","","","","","","","","","","","","","","","","","","","","","","","","","","","","","","17","13","14","14","14","13","12","11","11","12","12","11","13","13","13","13","12","12","",
"Malawi","MWI","Incidence of tuberculosis (per 100,000 people)","SH.TBS.INCD","","","","","","","","","","","","","","","","","","","","","","","","","","","","","","","","","","","","","","","","","392","394","396","397","397","397","392","383","370","352","332","312","294","261","227","193","159","131","",
"Malaysia","MYS","Incidence of tuberculosis (per 100,000 people)","SH.TBS.INCD","","","","","","","","","","","","","","","","","","","","","","","","","","","","","","","","","","","","","","","","","75","72","68","73","68","69","71","70","73","72","76","80","86","91","92","88","92","93","",
"North America","NAC","Incidence of tuberculosis (per 100,000 people)","SH.TBS.INCD","","","","","","","","","","","","","","","","","","","","","","","","","","","","","","","","","","","","","","","","","6.6","6.4","6","5.9","5.7","5.5","5.3","5.1","4.9","4.4","4.2","4","3.8","3.5","3.4","3.5","3.4","3.3","",
"Namibia","NAM","Incidence of tuberculosis (per 100,000 people)","SH.TBS.INCD","","","","","","","","","","","","","","","","","","","","","","","","","","","","","","","","","","","","","","","","","711","845","846","912","935","918","892","833","798","701","649","610","552","518","480","495","446","423","",
"New Caledonia","NCL","Incidence of tuberculosis (per 100,000 people)","SH.TBS.INCD","","","","","","","","","","","","","","","","","","","","","","","","","","","","","","","","","","","","","","","","","51","32","34","19","31","23","24","23","24","25","22","23","17","19","13","24","16","14","",
"Niger","NER","Incidence of tuberculosis (per 100,000 people)","SH.TBS.INCD","","","","","","","","","","","","","","","","","","","","","","","","","","","","","","","","","","","","","","","","","191","179","168","159","151","143","136","129","123","118","113","109","105","102","98","95","93","90","",
"Nigeria","NGA","Incidence of tuberculosis (per 100,000 people)","SH.TBS.INCD","","","","","","","","","","","","","","","","","","","","","","","","","","","","","","","","","","","","","","","","","219","219","219","219","219","219","219","219","219","219","219","219","219","219","219","219","219","219","",
"Nicaragua","NIC","Incidence of tuberculosis (per 100,000 people)","SH.TBS.INCD","","","","","","","","","","","","","","","","","","","","","","","","","","","","","","","","","","","","","","","","","60","60","51","54","52","44","46","52","52","50","53","58","59","58","55","51","48","45","",
"Netherlands","NLD","Incidence of tuberculosis (per 100,000 people)","SH.TBS.INCD","","","","","","","","","","","","","","","","","","","","","","","","","","","","","","","","","","","","","","","","","9","10","9.7","9.3","9.3","7.9","7","6.5","6.7","7.8","7.1","6.7","6.3","5.7","5.5","5.8","5.9","5.2","",
"Norway","NOR","Incidence of tuberculosis (per 100,000 people)","SH.TBS.INCD","","","","","","","","","","","","","","","","","","","","","","","","","","","","","","","","","","","","","","","","","5.6","7","6.1","8.4","7.1","6.9","6.8","6.9","7.2","7.8","6.9","7.4","7.9","8.2","6.8","6.3","6.1","5.1","",
"Nepal","NPL","Incidence of tuberculosis (per 100,000 people)","SH.TBS.INCD","","","","","","","","","","","","","","","","","","","","","","","","","","","","","","","","","","","","","","","","","163","163","163","163","163","163","164","164","164","164","163","162","161","159","158","156","154","152","",
"Nauru","NRU","Incidence of tuberculosis (per 100,000 people)","SH.TBS.INCD","","","","","","","","","","","","","","","","","","","","","","","","","","","","","","","","","","","","","","","","","46","34","57","34","79","125","137","34","58","46","34","56","65","75","83","102","101","91","",
"New Zealand","NZL","Incidence of tuberculosis (per 100,000 people)","SH.TBS.INCD","","","","","","","","","","","","","","","","","","","","","","","","","","","","","","","","","","","","","","","","","10","11","9.5","12","10","9.2","9.5","7.4","7.8","7.9","7.9","7.9","7.5","6.9","7.5","7.3","7.3","7.5","",
"OECD members","OED","Incidence of tuberculosis (per 100,000 people)","SH.TBS.INCD","","","","","","","","","","","","","","","","","","","","","","","","","","","","","","","","","","","","","","","","","","","","","","","","","","","","","","","","","","","",
"Oman","OMN","Incidence of tuberculosis (per 100,000 people)","SH.TBS.INCD","","","","","","","","","","","","","","","","","","","","","","","","","","","","","","","","","","","","","","","","","16","15","14","12","14","12","15","14","15","13","12","12","13","10","10","9","9","6.7","",
"Other small states","OSS","Incidence of tuberculosis (per 100,000 people)","SH.TBS.INCD","","","","","","","","","","","","","","","","","","","","","","","","","","","","","","","","","","","","","","","","","","","","","","","","","","","","","","","","","","","",
"Pakistan","PAK","Incidence of tuberculosis (per 100,000 people)","SH.TBS.INCD","","","","","","","","","","","","","","","","","","","","","","","","","","","","","","","","","","","","","","","","","275","275","275","276","276","276","276","276","276","276","276","276","276","275","270","270","268","267","",
"Panama","PAN","Incidence of tuberculosis (per 100,000 people)","SH.TBS.INCD","","","","","","","","","","","","","","","","","","","","","","","","","","","","","","","","","","","","","","","","","48","70","63","63","65","61","60","58","58","54","53","55","50","47","47","52","56","54","",
"Peru","PER","Incidence of tuberculosis (per 100,000 people)","SH.TBS.INCD","","","","","","","","","","","","","","","","","","","","","","","","","","","","","","","","","","","","","","","","","186","177","170","149","153","153","153","143","140","137","132","131","123","122","121","119","117","116","",
"Philippines","PHL","Incidence of tuberculosis (per 100,000 people)","SH.TBS.INCD","","","","","","","","","","","","","","","","","","","","","","","","","","","","","","","","","","","","","","","","","590","579","569","559","549","539","530","520","524","528","531","535","539","543","546","550","554","554","",
"Palau","PLW","Incidence of tuberculosis (per 100,000 people)","SH.TBS.INCD","","","","","","","","","","","","","","","","","","","","","","","","","","","","","","","","","","","","","","","","","65","65","65","53","29","58","69","63","85","107","107","67","22","44","76","76","123","106","",
"Papua New Guinea","PNG","Incidence of tuberculosis (per 100,000 people)","SH.TBS.INCD","","","","","","","","","","","","","","","","","","","","","","","","","","","","","","","","","","","","","","","","","432","432","432","432","432","432","432","432","432","432","432","432","432","432","432","432","432","432","",
"Poland","POL","Incidence of tuberculosis (per 100,000 people)","SH.TBS.INCD","","","","","","","","","","","","","","","","","","","","","","","","","","","","","","","","","","","","","","","","","33","30","30","30","26","25","24","24","22","23","21","24","21","21","20","19","18","17","",
"Pre-demographic dividend","PRE","Incidence of tuberculosis (per 100,000 people)","SH.TBS.INCD","","","","","","","","","","","","","","","","","","","","","","","","","","","","","","","","","","","","","","","","","","","","","","","","","","","","","","","","","","","",
"Puerto Rico","PRI","Incidence of tuberculosis (per 100,000 people)","SH.TBS.INCD","","","","","","","","","","","","","","","","","","","","","","","","","","","","","","","","","","","","","","","","","5.3","3.7","3.9","3.5","3.7","3.5","3.4","3","2.9","1.9","2.5","1.6","2.2","1.5","1.4","1.6","2","1.2","",
"Korea, Dem. People’s Rep.","PRK","Incidence of tuberculosis (per 100,000 people)","SH.TBS.INCD","","","","","","","","","","","","","","","","","","","","","","","","","","","","","","","","","","","","","","","","","513","513","513","513","513","513","513","513","513","513","513","513","513","513","513","513","513","513","",
"Portugal","PRT","Incidence of tuberculosis (per 100,000 people)","SH.TBS.INCD","","","","","","","","","","","","","","","","","","","","","","","","","","","","","","","","","","","","","","","","","47","48","48","44","39","36","35","32","30","29","28","27","27","26","24","23","20","20","",
"Paraguay","PRY","Incidence of tuberculosis (per 100,000 people)","SH.TBS.INCD","","","","","","","","","","","","","","","","","","","","","","","","","","","","","","","","","","","","","","","","","42","44","44","47","47","43","48","44","42","44","42","43","44","40","39","41","42","44","",
"West Bank and Gaza","PSE","Incidence of tuberculosis (per 100,000 people)","SH.TBS.INCD","","","","","","","","","","","","","","","","","","","","","","","","","","","","","","","","","","","","","","","","","3.2","2.5","1.9","1.3","0.82","0.98","1.4","1.1","1.3","1.1","0.95","0.96","0.93","1.1","1.2","1.1","1","0.96","",
"Pacific island small states","PSS","Incidence of tuberculosis (per 100,000 people)","SH.TBS.INCD","","","","","","","","","","","","","","","","","","","","","","","","","","","","","","","","","","","","","","","","","","","","","","","","","","","","","","","","","","","",
"Post-demographic dividend","PST","Incidence of tuberculosis (per 100,000 people)","SH.TBS.INCD","","","","","","","","","","","","","","","","","","","","","","","","","","","","","","","","","","","","","","","","","","","","","","","","","","","","","","","","","","","",
"French Polynesia","PYF","Incidence of tuberculosis (per 100,000 people)","SH.TBS.INCD","","","","","","","","","","","","","","","","","","","","","","","","","","","","","","","","","","","","","","","","","30","30","31","24","28","28","31","28","22","23","18","27","21","22","23","19","23","21","",
"Qatar","QAT","Incidence of tuberculosis (per 100,000 people)","SH.TBS.INCD","","","","","","","","","","","","","","","","","","","","","","","","","","","","","","","","","","","","","","","","","54","53","50","46","41","43","39","39","47","45","37","33","40","31","23","25","23","26","",
"Romania","ROU","Incidence of tuberculosis (per 100,000 people)","SH.TBS.INCD","","","","","","","","","","","","","","","","","","","","","","","","","","","","","","","","","","","","","","","","","143","150","157","157","152","140","132","123","120","115","105","97","92","89","86","82","74","72","",
"Russian Federation","RUS","Incidence of tuberculosis (per 100,000 people)","SH.TBS.INCD","","","","","","","","","","","","","","","","","","","","","","","","","","","","","","","","","","","","","","","","","95","92","89","88","87","87","88","90","91","89","86","81","77","73","70","67","64","60","",
"Rwanda","RWA","Incidence of tuberculosis (per 100,000 people)","SH.TBS.INCD","","","","","","","","","","","","","","","","","","","","","","","","","","","","","","","","","","","","","","","","","95","82","88","98","92","100","110","104","99","93","82","79","71","64","63","59","61","57","",
"South Asia","SAS","Incidence of tuberculosis (per 100,000 people)","SH.TBS.INCD","","","","","","","","","","","","","","","","","","","","","","","","","","","","","","","","","","","","","","","","","274","274","273","271","269","267","263","258","254","248","243","238","233","229","224","220","215","210","",
"Saudi Arabia","SAU","Incidence of tuberculosis (per 100,000 people)","SH.TBS.INCD","","","","","","","","","","","","","","","","","","","","","","","","","","","","","","","","","","","","","","","","","19","18","18","17","16","17","18","18","18","17","19","16","15","13","12","12","10","10","",
"Sudan","SDN","Incidence of tuberculosis (per 100,000 people)","SH.TBS.INCD","","","","","","","","","","","","","","","","","","","","","","","","","","","","","","","","","","","","","","","","","128","126","124","121","119","117","115","113","111","109","107","105","103","100","94","88","82","77","",
"Senegal","SEN","Incidence of tuberculosis (per 100,000 people)","SH.TBS.INCD","","","","","","","","","","","","","","","","","","","","","","","","","","","","","","","","","","","","","","","","","155","153","150","147","144","141","139","138","137","136","136","136","136","136","134","130","122","122","",
"Singapore","SGP","Incidence of tuberculosis (per 100,000 people)","SH.TBS.INCD","","","","","","","","","","","","","","","","","","","","","","","","","","","","","","","","","","","","","","","","","51","44","42","43","38","35","33","33","37","35","35","36","50","46","46","45","50","47","",
"Solomon Islands","SLB","Incidence of tuberculosis (per 100,000 people)","SH.TBS.INCD","","","","","","","","","","","","","","","","","","","","","","","","","","","","","","","","","","","","","","","","","91","86","74","82","93","106","96","101","96","89","80","92","82","80","75","89","84","76","",
"Sierra Leone","SLE","Incidence of tuberculosis (per 100,000 people)","SH.TBS.INCD","","","","","","","","","","","","","","","","","","","","","","","","","","","","","","","","","","","","","","","","","305","309","311","313","314","316","317","318","318","318","317","316","314","313","310","307","304","301","",
"El Salvador","SLV","Incidence of tuberculosis (per 100,000 people)","SH.TBS.INCD","","","","","","","","","","","","","","","","","","","","","","","","","","","","","","","","","","","","","","","","","32","31","33","29","29","37","34","34","35","34","34","38","41","44","44","49","60","72","",
"San Marino","SMR","Incidence of tuberculosis (per 100,000 people)","SH.TBS.INCD","","","","","","","","","","","","","","","","","","","","","","","","","","","","","","","","","","","","","","","","","4.2","0","4.1","4","0","0","0","0","0","0","0","0","0","0","0","0","0","0","",
"Somalia","SOM","Incidence of tuberculosis (per 100,000 people)","SH.TBS.INCD","","","","","","","","","","","","","","","","","","","","","","","","","","","","","","","","","","","","","","","","","285","285","285","285","285","285","285","285","286","286","286","286","286","285","274","274","270","266","",
"Serbia","SRB","Incidence of tuberculosis (per 100,000 people)","SH.TBS.INCD","","","","","","","","","","","","","","","","","","","","","","","","","","","","","","","","","","","","","","","","","","","","","","40","39","36","34","32","30","28","24","27","24","21","19","19","",
"Sub-Saharan Africa (excluding high income)","SSA","Incidence of tuberculosis (per 100,000 people)","SH.TBS.INCD","","","","","","","","","","","","","","","","","","","","","","","","","","","","","","","","","","","","","","","","","333","338","341","346","346","344","341","335","326","319","310","302","292","281","272","261","246","238","",
"South Sudan","SSD","Incidence of tuberculosis (per 100,000 people)","SH.TBS.INCD","","","","","","","","","","","","","","","","","","","","","","","","","","","","","","","","","","","","","","","","","","","","","","","","","","","","146","146","146","146","146","146","146","",
"Sub-Saharan Africa","SSF","Incidence of tuberculosis (per 100,000 people)","SH.TBS.INCD","","","","","","","","","","","","","","","","","","","","","","","","","","","","","","","","","","","","","","","","","333","338","341","346","346","344","341","335","326","319","310","302","292","281","272","261","246","237","",
"Small states","SST","Incidence of tuberculosis (per 100,000 people)","SH.TBS.INCD","","","","","","","","","","","","","","","","","","","","","","","","","","","","","","","","","","","","","","","","","","","","","","","","","","","","","","","","","","","",
"Sao Tome and Principe","STP","Incidence of tuberculosis (per 100,000 people)","SH.TBS.INCD","","","","","","","","","","","","","","","","","","","","","","","","","","","","","","","","","","","","","","","","","122","120","114","126","139","153","168","100","71","80","121","133","110","138","145","159","165","118","",
"Suriname","SUR","Incidence of tuberculosis (per 100,000 people)","SH.TBS.INCD","","","","","","","","","","","","","","","","","","","","","","","","","","","","","","","","","","","","","","","","","24","20","25","27","25","29","32","31","26","43","46","29","30","32","33","33","26","29","",
"Slovak Republic","SVK","Incidence of tuberculosis (per 100,000 people)","SH.TBS.INCD","","","","","","","","","","","","","","","","","","","","","","","","","","","","","","","","","","","","","","","","","22","21","21","21","14","15","14","13","12","9.6","8.7","8","6.8","8.4","6.8","6.5","5.9","4.8","",
"Slovenia","SVN","Incidence of tuberculosis (per 100,000 people)","SH.TBS.INCD","","","","","","","","","","","","","","","","","","","","","","","","","","","","","","","","","","","","","","","","","21","21","20","16","14","15","12","12","12","11","9.5","10","7.5","7.7","7.9","7.2","6.5","6.2","",
"Sweden","SWE","Incidence of tuberculosis (per 100,000 people)","SH.TBS.INCD","","","","","","","","","","","","","","","","","","","","","","","","","","","","","","","","","","","","","","","","","5.4","5.1","4.8","5.1","5.5","6.9","6.2","5.8","6.4","7.1","7.5","6.5","7.1","7.3","7.5","9.2","8.2","5.7","",
"Eswatini","SWZ","Incidence of tuberculosis (per 100,000 people)","SH.TBS.INCD","","","","","","","","","","","","","","","","","","","","","","","","","","","","","","","","","","","","","","","","","692","713","780","891","921","984","1010","976","937","1060","1050","851","718","653","539","404","332","308","",
"Sint Maarten (Dutch part)","SXM","Incidence of tuberculosis (per 100,000 people)","SH.TBS.INCD","","","","","","","","","","","","","","","","","","","","","","","","","","","","","","","","","","","","","","","","","","","","","","","","","","","10","6.8","3.3","6.3","0","5.9","0","14","",
"Seychelles","SYC","Incidence of tuberculosis (per 100,000 people)","SH.TBS.INCD","","","","","","","","","","","","","","","","","","","","","","","","","","","","","","","","","","","","","","","","","28","26","40","13","24","18","23","22","7.6","19","21","26","25","30","16","9.8","15","19","",
"Syrian Arab Republic","SYR","Incidence of tuberculosis (per 100,000 people)","SH.TBS.INCD","","","","","","","","","","","","","","","","","","","","","","","","","","","","","","","","","","","","","","","","","39","37","35","35","32","29","26","27","23","24","22","22","18","17","23","19","21","19","",
"Turks and Caicos Islands","TCA","Incidence of tuberculosis (per 100,000 people)","SH.TBS.INCD","","","","","","","","","","","","","","","","","","","","","","","","","","","","","","","","","","","","","","","","","17","17","16","29","29","29","29","27","26","24","22","33","28","6.9","3.4","6.7","6.6","6.1","",
"Chad","TCD","Incidence of tuberculosis (per 100,000 people)","SH.TBS.INCD","","","","","","","","","","","","","","","","","","","","","","","","","","","","","","","","","","","","","","","","","151","152","152","152","151","151","151","151","151","151","151","151","151","151","159","152","153","154","",
"East Asia & Pacific (IDA & IBRD countries)","TEA","Incidence of tuberculosis (per 100,000 people)","SH.TBS.INCD","","","","","","","","","","","","","","","","","","","","","","","","","","","","","","","","","","","","","","","","","","","","","","","","","","","","","","","","","","","",
"Europe & Central Asia (IDA & IBRD countries)","TEC","Incidence of tuberculosis (per 100,000 people)","SH.TBS.INCD","","","","","","","","","","","","","","","","","","","","","","","","","","","","","","","","","","","","","","","","","","","","","","","","","","","","","","","","","","","",
"Togo","TGO","Incidence of tuberculosis (per 100,000 people)","SH.TBS.INCD","","","","","","","","","","","","","","","","","","","","","","","","","","","","","","","","","","","","","","","","","52","53","56","60","66","71","74","77","78","77","76","73","69","64","58","52","46","41","",
"Thailand","THA","Incidence of tuberculosis (per 100,000 people)","SH.TBS.INCD","","","","","","","","","","","","","","","","","","","","","","","","","","","","","","","","","","","","","","","","","241","245","244","240","232","224","215","205","196","188","181","176","172","170","167","163","160","156","",
"Tajikistan","TJK","Incidence of tuberculosis (per 100,000 people)","SH.TBS.INCD","","","","","","","","","","","","","","","","","","","","","","","","","","","","","","","","","","","","","","","","","219","222","220","215","207","196","183","169","155","141","128","117","108","100","91","86","85","85","",
"Turkmenistan","TKM","Incidence of tuberculosis (per 100,000 people)","SH.TBS.INCD","","","","","","","","","","","","","","","","","","","","","","","","","","","","","","","","","","","","","","","","","112","108","100","116","90","84","84","88","95","79","79","66","70","71","58","49","46","43","",
"Latin America & the Caribbean (IDA & IBRD countries)","TLA","Incidence of tuberculosis (per 100,000 people)","SH.TBS.INCD","","","","","","","","","","","","","","","","","","","","","","","","","","","","","","","","","","","","","","","","","","","","","","","","","","","","","","","","","","","",
"Timor-Leste","TLS","Incidence of tuberculosis (per 100,000 people)","SH.TBS.INCD","","","","","","","","","","","","","","","","","","","","","","","","","","","","","","","","","","","","","","","","","","","498","498","498","498","498","498","498","498","498","498","498","498","498","498","498","498","",
"Middle East & North Africa (IDA & IBRD countries)","TMN","Incidence of tuberculosis (per 100,000 people)","SH.TBS.INCD","","","","","","","","","","","","","","","","","","","","","","","","","","","","","","","","","","","","","","","","","","","","","","","","","","","","","","","","","","","",
"Tonga","TON","Incidence of tuberculosis (per 100,000 people)","SH.TBS.INCD","","","","","","","","","","","","","","","","","","","","","","","","","","","","","","","","","","","","","","","","","28","14","34","18","14","20","20","26","15","8.9","12","9.9","12","11","14","15","8.6","12","",
"South Asia (IDA & IBRD)","TSA","Incidence of tuberculosis (per 100,000 people)","SH.TBS.INCD","","","","","","","","","","","","","","","","","","","","","","","","","","","","","","","","","","","","","","","","","","","","","","","","","","","","","","","","","","","",
"Sub-Saharan Africa (IDA & IBRD countries)","TSS","Incidence of tuberculosis (per 100,000 people)","SH.TBS.INCD","","","","","","","","","","","","","","","","","","","","","","","","","","","","","","","","","","","","","","","","","","","","","","","","","","","","","","","","","","","",
"Trinidad and Tobago","TTO","Incidence of tuberculosis (per 100,000 people)","SH.TBS.INCD","","","","","","","","","","","","","","","","","","","","","","","","","","","","","","","","","","","","","","","","","18","19","12","13","16","15","20","19","24","24","19","19","23","21","21","17","18","17","",
"Tunisia","TUN","Incidence of tuberculosis (per 100,000 people)","SH.TBS.INCD","","","","","","","","","","","","","","","","","","","","","","","","","","","","","","","","","","","","","","","","","26","25","24","25","25","26","26","28","27","26","28","35","37","34","35","38","38","34","",
"Turkey","TUR","Incidence of tuberculosis (per 100,000 people)","SH.TBS.INCD","","","","","","","","","","","","","","","","","","","","","","","","","","","","","","","","","","","","","","","","","33","31","32","31","30","33","33","31","29","27","25","24","22","20","20","18","18","17","",
"Tuvalu","TUV","Incidence of tuberculosis (per 100,000 people)","SH.TBS.INCD","","","","","","","","","","","","","","","","","","","","","","","","","","","","","","","","","","","","","","","","","195","193","155","365","193","138","102","202","189","198","153","130","204","191","158","209","207","236","",
"Tanzania","TZA","Incidence of tuberculosis (per 100,000 people)","SH.TBS.INCD","","","","","","","","","","","","","","","","","","","","","","","","","","","","","","","","","","","","","","","","","503","506","509","510","510","510","504","492","474","452","426","401","378","336","327","306","287","269","",
"Uganda","UGA","Incidence of tuberculosis (per 100,000 people)","SH.TBS.INCD","","","","","","","","","","","","","","","","","","","","","","","","","","","","","","","","","","","","","","","","","276","266","256","248","240","233","227","222","217","213","210","207","205","203","202","202","201","201","",
"Ukraine","UKR","Incidence of tuberculosis (per 100,000 people)","SH.TBS.INCD","","","","","","","","","","","","","","","","","","","","","","","","","","","","","","","","","","","","","","","","","114","119","123","126","127","127","125","123","119","115","110","105","101","96","94","91","87","84","",
"Upper middle income","UMC","Incidence of tuberculosis (per 100,000 people)","SH.TBS.INCD","","","","","","","","","","","","","","","","","","","","","","","","","","","","","","","","","","","","","","","","","105","104","103","103","102","100","98","96","94","93","88","87","85","81","78","75","71","69","",
"Uruguay","URY","Incidence of tuberculosis (per 100,000 people)","SH.TBS.INCD","","","","","","","","","","","","","","","","","","","","","","","","","","","","","","","","","","","","","","","","","22","24","19","22","25","22","19","21","24","24","24","28","27","30","29","30","29","31","",
"United States","USA","Incidence of tuberculosis (per 100,000 people)","SH.TBS.INCD","","","","","","","","","","","","","","","","","","","","","","","","","","","","","","","","","","","","","","","","","6.7","6.4","6","5.9","5.7","5.5","5.3","5.1","4.9","4.3","4.2","3.9","3.7","3.3","3.2","3.3","3.1","3.1","",
"Uzbekistan","UZB","Incidence of tuberculosis (per 100,000 people)","SH.TBS.INCD","","","","","","","","","","","","","","","","","","","","","","","","","","","","","","","","","","","","","","","","","99","107","113","117","119","120","116","110","105","101","97","93","89","86","82","79","76","73","",
"St. Vincent and the Grenadines","VCT","Incidence of tuberculosis (per 100,000 people)","SH.TBS.INCD","","","","","","","","","","","","","","","","","","","","","","","","","","","","","","","","","","","","","","","","","17","11","11","15","8.5","7.4","14","13","13","9.5","16","18","32","3.2","5.3","7.4","6.3","2.1","",
"Venezuela, RB","VEN","Incidence of tuberculosis (per 100,000 people)","SH.TBS.INCD","","","","","","","","","","","","","","","","","","","","","","","","","","","","","","","","","","","","","","","","","33","31","31","33","32","32","31","29","28","28","28","27","27","27","26","29","32","42","",
"British Virgin Islands","VGB","Incidence of tuberculosis (per 100,000 people)","SH.TBS.INCD","","","","","","","","","","","","","","","","","","","","","","","","","","","","","","","","","","","","","","","","","5.6","5.5","5.3","5.2","10","0","0","0","1.4","2.8","4.2","0","0","4","0","0","0","0","",
"Virgin Islands (U.S.)","VIR","Incidence of tuberculosis (per 100,000 people)","SH.TBS.INCD","","","","","","","","","","","","","","","","","","","","","","","","","","","","","","","","","","","","","","","","","","","","","","","","","","","","","","","","","","","",
"Vietnam","VNM","Incidence of tuberculosis (per 100,000 people)","SH.TBS.INCD","","","","","","","","","","","","","","","","","","","","","","","","","","","","","","","","","","","","","","","","","197","192","189","185","181","176","172","168","164","159","155","151","147","144","140","137","133","129","",
"Vanuatu","VUT","Incidence of tuberculosis (per 100,000 people)","SH.TBS.INCD","","","","","","","","","","","","","","","","","","","","","","","","","","","","","","","","","","","","","","","","","110","123","69","69","86","83","80","77","74","72","69","67","65","62","63","63","56","51","",
"World","WLD","Incidence of tuberculosis (per 100,000 people)","SH.TBS.INCD","","","","","","","","","","","","","","","","","","","","","","","","","","","","","","","","","","","","","","","","","170","170","170","170","168","167","165","162","160","157","154","151","149","145","143","140","136","134","",
"Samoa","WSM","Incidence of tuberculosis (per 100,000 people)","SH.TBS.INCD","","","","","","","","","","","","","","","","","","","","","","","","","","","","","","","","","","","","","","","","","28","14","20","17","22","15","16","13","7.5","10","8.6","12","13","13","14","11","7.7","18","",
"Kosovo","XKX","Incidence of tuberculosis (per 100,000 people)","SH.TBS.INCD","","","","","","","","","","","","","","","","","","","","","","","","","","","","","","","","","","","","","","","","","","","","","","","","","","","","","","","","","","","",
"Yemen, Rep.","YEM","Incidence of tuberculosis (per 100,000 people)","SH.TBS.INCD","","","","","","","","","","","","","","","","","","","","","","","","","","","","","","","","","","","","","","","","","116","110","102","95","87","80","73","66","60","55","52","50","48","48","48","48","48","48","",
"South Africa","ZAF","Incidence of tuberculosis (per 100,000 people)","SH.TBS.INCD","","","","","","","","","","","","","","","","","","","","","","","","","","","","","","","","","","","","","","","","","585","666","746","820","883","932","963","977","977","967","948","922","892","849","820","759","618","567","",
"Zambia","ZMB","Incidence of tuberculosis (per 100,000 people)","SH.TBS.INCD","","","","","","","","","","","","","","","","","","","","","","","","","","","","","","","","","","","","","","","","","759","728","695","662","631","602","577","554","534","514","495","475","456","437","406","391","376","361","",
"Zimbabwe","ZWE","Incidence of tuberculosis (per 100,000 people)","SH.TBS.INCD","","","","","","","","","","","","","","","","","","","","","","","","","","","","","","","","","","","","","","","","","605","617","617","617","607","588","561","527","487","450","416","384","355","304","278","242","233","221","",
